Categoria,Titolo,Fonte,Data di publicazione,Autore,Estratto ,URL
SI PARLA DI NOI,EDUCA Scegliamo il futuro Torna il festival dell'educazione,Cooperazione tra Consumatori,5/1/22 0:00,N.D.﻿,offre un inquadramento teorico-scientifico con il contributo tra gli altri di Francesco Profumo presidente di Fondazione Bruno Kessler e Giuseppe Ellerani professore dell Università del Salento STE,
SI PARLA DI NOI,Istituto Storico Italo-Germanico FBK,Ladigetto.it,5/3/22 12:10,,03/05/2022 Pubblicato il bando di selezione per la direzione del centro FBK-ISIGLa Fondazione Bruno Kessler di Trento ha avviato il percorso di selezione per la direzione dell,https://www.ladigetto.it/economia/ricerca-e-innovazione/121922-istituto-storico-italo-germanico-fbk.html
SI PARLA DI NOI,"FONDAZIONE BRUNO KESSLER – TRENTO * “FBK-ISIG“: « AL VIA IL BANDO DI SELEZIONE PER LA DIREZIONE DEL CENTRO, INVIO CANDIDATURE ENTRO IL 18 LUGLIO 2022 »",agenziagiornalisticaopinione.it,5/3/22 8:40,,mail Stampa Facebook Twitter LinkedIn 10.39 - martedì 03 maggio 2022La Fondazione Bruno Kessler di Trento ha avviato il percorso di selezione per la direzione dell,https://www.agenziagiornalisticaopinione.it/lancio-dagenzia/fondazione-bruno-kessler-trento-fbk-isig-al-via-il-bando-di-selezione-per-la-direzione-del-centro-invio-candidature-entro-il-18-luglio-2022/
SI PARLA DI NOI,"Fbk, l'Istituto storico italo-germanico cerca un nuovo direttore",ladige.it,5/3/22 8:57,Diminuire Font,percorso di selezione per la direzione dell'Istituto storico italo-germanico (Fbk-Isig) nel triennio 2023-25.I candidati ammessi alla selezione - informa l,https://www.ladige.it/cronaca/2022/05/03/fbk-l-istituto-storico-italo-germanico-cerca-un-nuovo-direttore-1.3199593
SI PARLA DI NOI,"School, how to do it in augmented reality",italy24news.com,5/3/22 5:46,,and productivity of educational programs. It should also be remembered that Fondazione Bruno Kessler and Microsoft Italia announced the new edition of WebValley,https://news.italy-24.com/local/439757.html
SEGNALAZIONI,Julia Cagé e Marco Paolini inaugurano il corso di Alta Formazione all’Università di Padova,rumorscena.com,5/3/22 8:12,,collaborazioni con altri centri di ricerca presenti nel nostro paese. Così Mirco Tonin della Libera Università di Bolzano parla di Economia dei Media e riflessi sulla natura delle scelte e,https://www.rumorscena.com/03/05/2022/julia-cage-e-marco-paolini-inaugurano-il-corso-di-alta-formazione-alluniversita-di-padova
SEGNALAZIONI,"Ambulatorio al Museo egizio di Torino, al via la sperimentazione",SuperAbile.it,5/3/22 11:19,,"l'arte vivente e al Polo del '900. E il presidente di Compagnia di San Paolo Francesco Profumo pensa già a come estendere l'iniziativa ai più piccoli. ""L",https://www.superabile.it/cs/superabile/salute-e-ricerca/20220503-nf-ambulatorio-museo-egizio-torino.html
SEGNALAZIONI,"Geopolitica, la tre giorni di Jesolo con esperti e ospiti Vip Il programma Martedì 3 Maggio 2022",ilgazzettino.it,5/3/22 18:36,,"ministro per i Beni e le Attività culturali e per il TurismoOre 15,00 Prof. Francesco Profumo, Presidente di Uni-Italia, già Ministro dell'Istruzione, dell",https://www.ilgazzettino.it/nordest/venezia/geopolitica-6665886.html
SEGNALAZIONI,Il primo social housing per persone disabili,CronacaQui,5/4/22 0:00,N.D.﻿," e l area servizi al piano terreno.«Un progetto apripista» come definitoda Francesco Profumo, presidentedella Fondazione compagniadiSan Paolo, nato per progettarespazicondivisi",
RICERCA UMANISTICA E SOCIALE,Ricerca: da Mur e Mise decreto su assegnazione Fondo italiano scienze applicate -2-,Borsaitaliana.it,5/3/22 14:03,," (Il Sole 24 Ore Radiocor Plus) - Roma, 03 mag - Il decreto specifica, inoltre, che le attivita' progettuali finanziabili sono attivita' di ricerca industriale",https://www.borsaitaliana.it/borsa/notizie/radiocor/economia/dettaglio/ricerca-da-mur-e-mise-decreto-su-assegnazione-fondo-italiano-scienze-applicate-2-nRC_03052022_1540_427193824.html
RICERCA SCIENTIFICA E TECNOLOGIA,"Mise, Ascani: “Reti ultraveloci e competenze chiave di volta, sprint dal Pnrr”",corrierecomunicazioni.it,5/3/22 9:58,,TELCO 4 ITALYLa sottosegretaria: “Il Piano nazionale di ripresa e resilienza mette a disposizione 7 miliardi per l’infrastrutturazione. Ma l’impegno,https://www.corrierecomunicazioni.it/telco/mise-ascani-reti-ultraveloci-e-competenze-chiave-di-volta-sprint-dal-pnrr/
RICERCA SCIENTIFICA E TECNOLOGIA,A Siena un super centro per la lotta alle pandemie E Fauci promette aiuto,La Repubblica,5/4/22 0:00,N.D.﻿,L annuncio di Speranza dagli Usa Un hub antipandemico che potrà contare su 360 milioni di euro di finanziamenti e con il quale collaborerà anche Anthony,
RICERCA SCIENTIFICA E TECNOLOGIA,PER LO SVILUPPO DELLA RICERCA PRIVACY DA ALLEGGERIRE SULLA RACCOLTA DATI DEGLI IRCCS,Il Sole 24 Ore,5/4/22 0:00,di Luigi Cajazzo,"Intervento cienza e diritto, alleati o antagonisti? Non dovrebbe accadere che la ricerca scientifica, che del progresso è la vera anima, trovi nelle regole",
RICERCA SCIENTIFICA E TECNOLOGIA,"Solo il 19,4% delle risorse di Impresa 4.0 va al Sud",Il Sole 24 Ore,5/4/22 0:00,N.D.﻿," La stima del Dipartimento di coesione sulle quote Pnrr per il Mezzogiorno Una riflessione attenta sull evoluzione del piano Transizione 4.0,e su unasuarevisione,dovrebbeprobabilmente",
RICERCA SCIENTIFICA E TECNOLOGIA,I big data e le nostre città Come si governa nel futuro,Il Giorno,5/4/22 0:00,N.D.﻿,"DOMANI ALLE 17 IL DIGITAL PANEL DI QN Le nuove tecnologie cambiano le nostre vite giorno dopo giorno rivoluzionando ogni settore, dal privato al pubblico.",
RICERCA SCIENTIFICA E TECNOLOGIA,"Start up, crescita a quota 16mila Balzo record nel settore Ict",Il Sole 24 Ore,5/4/22 0:00,Giovanna Mancini,"INNOVAZIONE Giovanna Mancini —a pag. 19 Start up, crescita a quota 16mila Balzo record nel settore Ict Innovazione Report Anitec-Assinform con Infocamere:",
POLITICA ED ECONOMIA LOCALE,"Agenzia delle entrate, prima intesa il personale passerà alle Province",Corriere del Trentino,5/4/22 0:00,N.D.﻿,"COMMISSIONE DEI DODICIMAIDIRIGENTI RIMARRANNO STATALI Approvazione in prima lettura, ieri, della norma di attuazione che trasferisce il personale delle",
POLITICA ED ECONOMIA LOCALE,Via al nuovo centro vaccinale,L'Adige,5/4/22 0:00,LUISA MARIA PATRUNO,La struttura di viale Verona sarà definitiva: 1.500 dosi al giorno E A PAGINA J 3 entrato in funzione ieri il nuovo centro vaccinale dì Trento sud (spostato,
POLITICA ED ECONOMIA LOCALE,La lezione del Covid nel contesto trentino,L'Adige,5/4/22 0:00,ROBERTO DAL RÌ,"SAN ITA I dati proposti da Rbm-Censis sui ""cittadini espulsi"" dal Sistema sanitario nazionale (cittadini che stabilmente hanno difficoltà di accesso alle",
INTELLIGENZA ARTIFICIALE,L intelligenza artificiale contro la demenza,Libero,5/3/22 0:00,N.D.﻿,L importante studio di Università Cattolica e Ireos San Raffaele • Scoprire in anticipo i pazienti che svilupperanno forme di demènza per curarti prima,
INTELLIGENZA ARTIFICIALE,"Ethos, il festival della Luiss sulle vite digitali",Corriere della Sera,5/4/22 0:00,di Luca Zanini,"Roma Dal 6 all 8 maggio un appuntamento per discutere sulle delicate implicazioni dell intelligenza artificiale T redici anni fa, in un dibattito sul «Corriere»,",